{
  "macro_samples": 1810905,
  "all_nonzero": {
    "count": 12982970,
    "mean": 17.481651517223085,
    "std": 23.225743171731036,
    "min": 0.00011349523992976174,
    "p5": 0.3754189908504486,
    "p25": 6.948722958564758,
    "p50": 13.566567420959473,
    "p75": 22.049999237060547,
    "p95": 44.31201171875,
    "p99": 106.41493690490775,
    "max": 532.6793212890625
  },
  "q_nonzero": {
    "count": 4367246,
    "mean": 14.952972161337023,
    "std": 37.06361369328676,
    "min": 0.00011349523992976174,
    "p5": 0.1273743063211441,
    "p25": 0.7642458081245422,
    "p50": 3.439105987548828,
    "p75": 10.811732292175293,
    "p95": 70.9474868774414,
    "p99": 202.525146484375,
    "max": 532.6793212890625
  },
  "p_nonzero": {
    "count": 8615724,
    "mean": 18.76342015352986,
    "std": 10.567053267065349,
    "min": 0.9501867294311523,
    "p5": 7.2300739765167235,
    "p25": 12.138884544372559,
    "p50": 15.228718757629395,
    "p75": 24.36604070663452,
    "p95": 41.61339569091797,
    "p99": 51.48966598510742,
    "max": 142.17630004882812
  },
  "q_zero_ratio": 0.6985453405893738,
  "p_zero_ratio": 0.40528879206805435
}