{
  "macro_samples": 1810905,
  "all": {
    "count": 28974480,
    "mean": 7.833229697256375,
    "std": 17.812635600123105,
    "min": 0.0,
    "p5": 0.0,
    "p25": 0.0,
    "p50": 0.0,
    "p75": 12.510473489761353,
    "p95": 30.450000762939453,
    "p99": 61.90391159057617,
    "max": 532.6793212890625
  },
  "q": {
    "count": 14487240,
    "mean": 4.507643130072433,
    "std": 21.475463579477537,
    "min": 0.0,
    "p5": 0.0,
    "p25": 0.0,
    "p50": 0.0,
    "p75": 0.44581007957458496,
    "p95": 19.013526916503906,
    "p99": 97.70950317382812,
    "max": 532.6793212890625
  },
  "p": {
    "count": 14487240,
    "mean": 11.158816264440357,
    "std": 12.298999392650352,
    "min": 0.0,
    "p5": 0.0,
    "p25": 0.0,
    "p50": 10.497045040130615,
    "p75": 16.43739414215088,
    "p95": 35.384605407714844,
    "p99": 48.151039161682036,
    "max": 142.17630004882812
  },
  "q_zero_ratio": 0.6985453405893738,
  "p_zero_ratio": 0.40528879206805435
}