{
  "checkpoint": "training_runs/l2_only_cuda_20251231_010729/l2_bc_epoch63.pt",
  "val": {
    "macro_samples": 1208355,
    "q_mse": 1.1582628458497564,
    "q_rmse": 1.0762262057066612,
    "q_count": 5752924.0,
    "p_mse": 0.16075022537003122,
    "p_rmse": 0.4009366849890781,
    "p_count": 5752924.0,
    "q_nz_mse": 2.216123437127572,
    "q_nz_rmse": 1.4886649848530635,
    "q_nz_count": 2915651.0,
    "p_nz_mse": 0.16075022419051868,
    "p_nz_rmse": 0.40093668351813194,
    "p_nz_count": 5752924.0
  },
  "test": {
    "macro_samples": 602550,
    "q_mse": 1.1629200603596506,
    "q_rmse": 1.0783877133756905,
    "q_count": 2862800.0,
    "p_mse": 0.13553821292176865,
    "p_rmse": 0.36815514789524356,
    "p_count": 2862800.0,
    "q_nz_mse": 2.2239910027454437,
    "q_nz_rmse": 1.4913051340169938,
    "q_nz_count": 1451595.0,
    "p_nz_mse": 0.1355382130790668,
    "p_nz_rmse": 0.3681551481088738,
    "p_nz_count": 2862800.0
  }
}